year,state,state_po,state_fips,candidatevotes,democratic_pct,democratic_pct_ave_1976_2024
2024,ALABAMA,AL,1,772412,34.6,41.7
2024,ALASKA,AK,2,140026,43.2,38.7
2024,ARIZONA,AZ,4,1582860,47.2,44.1
2024,ARKANSAS,AR,5,396905,34.3,45.5
2024,CALIFORNIA,CA,6,9276179,60.4,55.5
2024,COLORADO,CO,8,1728159,55.6,48.4
2024,CONNECTICUT,CT,9,992053,57.4,54.0
2024,DELAWARE,DE,10,289758,57.5,54.2
2024,DISTRICT OF COLUMBIA,DC,11,294185,93.3,90.0
2024,FLORIDA,FL,12,4683038,43.4,46.9
2024,GEORGIA,GA,13,2548017,48.9,48.4
2024,HAWAII,HI,15,313044,61.8,59.7
2024,IDAHO,ID,16,274972,31.2,33.6
2024,ILLINOIS,IL,17,3062863,55.6,54.7
2024,INDIANA,IN,18,1163603,40.3,42.8
2024,IOWA,IA,19,707278,43.3,49.6
2024,KANSAS,KS,20,544853,41.8,40.5
2024,KENTUCKY,KY,21,704043,34.5,42.9
2024,LOUISIANA,LA,22,766870,38.8,44.8
2024,MAINE,ME,23,435652,53.5,52.6
2024,MARYLAND,MD,24,1902577,64.8,58.0
2024,MASSACHUSETTS,MA,25,2126518,63.0,60.7
2024,MICHIGAN,MI,26,2736533,49.3,50.8
2024,MINNESOTA,MN,27,1656979,52.2,53.7
2024,MISSISSIPPI,MS,28,466668,38.4,43.1
2024,MISSOURI,MO,29,1200599,40.7,46.9
2024,MONTANA,MT,30,231906,39.7,42.8
2024,NEBRASKA,NE,31,369995,39.6,36.9
2024,NEVADA,NV,32,705197,48.4,46.9
2024,NEW HAMPSHIRE,NH,33,418488,51.4,47.3
2024,NEW JERSEY,NJ,34,2220713,53.0,52.5
2024,NEW MEXICO,NM,35,478802,53.1,50.8
2024,NEW YORK,NY,36,4619195,56.3,58.0
2024,NORTH CAROLINA,NC,37,2715375,48.4,47.2
2024,NORTH DAKOTA,ND,38,112327,31.3,37.9
2024,OHIO,OH,39,2533699,44.3,47.8
2024,OKLAHOMA,OK,40,499599,32.5,37.4
2024,OREGON,OR,41,1240600,57.4,53.1
2024,PENNSYLVANIA,PA,42,3423042,49.1,51.1
2024,RHODE ISLAND,RI,44,285156,57.1,59.8
2024,SOUTH CAROLINA,SC,45,1028452,40.9,44.2
2024,SOUTH DAKOTA,SD,46,146859,35.1,41.0
2024,TENNESSEE,TN,47,1056265,34.9,44.3
2024,TEXAS,TX,48,4835250,43.1,43.7
2024,UTAH,UT,49,562566,38.9,32.3
2024,VERMONT,VT,50,235791,66.4,58.1
2024,VIRGINIA,VA,51,2333778,52.9,48.0
2024,WASHINGTON,WA,53,2245849,59.5,53.9
2024,WEST VIRGINIA,WV,54,214309,28.7,44.6
2024,WISCONSIN,WI,55,1668229,49.6,51.1
2024,WYOMING,WY,56,69527,26.5,32.8
2020,ALABAMA,AL,1,849624,37.1,41.7
2020,ALASKA,AK,2,153778,44.7,38.7
2020,ARIZONA,AZ,4,1672143,50.2,44.1
2020,ARKANSAS,AR,5,423932,35.8,45.5
2020,CALIFORNIA,CA,6,11110250,64.9,55.5
2020,COLORADO,CO,8,1804352,56.9,48.4
2020,CONNECTICUT,CT,9,1080831,60.2,54.0
2020,DELAWARE,DE,10,296268,59.6,54.2
2020,DISTRICT OF COLUMBIA,DC,11,317323,94.5,90.0
2020,FLORIDA,FL,12,5297045,48.3,46.9
2020,GEORGIA,GA,13,2473633,50.1,48.4
2020,HAWAII,HI,15,366130,65.0,59.7
2020,IDAHO,ID,16,287021,34.1,33.6
2020,ILLINOIS,IL,17,3471915,58.7,54.7
2020,INDIANA,IN,18,1242416,41.8,42.8
2020,IOWA,IA,19,759061,45.8,49.6
2020,KANSAS,KS,20,570323,42.5,40.5
2020,KENTUCKY,KY,21,772474,36.8,42.9
2020,LOUISIANA,LA,22,856034,40.5,44.8
2020,MAINE,ME,23,435072,54.7,52.6
2020,MARYLAND,MD,24,1985023,67.0,58.0
2020,MASSACHUSETTS,MA,25,2382202,67.1,60.7
2020,MICHIGAN,MI,26,2804040,51.4,50.8
2020,MINNESOTA,MN,27,1717077,53.6,53.7
2020,MISSISSIPPI,MS,28,539398,41.6,43.1
2020,MISSOURI,MO,29,1253014,42.2,46.9
2020,MONTANA,MT,30,244786,41.6,42.8
2020,NEBRASKA,NE,31,374583,40.2,36.9
2020,NEVADA,NV,32,703486,51.2,46.9
2020,NEW HAMPSHIRE,NH,33,424921,53.7,47.3
2020,NEW JERSEY,NJ,34,2608335,58.1,52.5
2020,NEW MEXICO,NM,35,501614,55.5,50.8
2020,NEW YORK,NY,36,5230985,61.7,58.0
2020,NORTH CAROLINA,NC,37,2684292,49.3,47.2
2020,NORTH DAKOTA,ND,38,114902,32.8,37.9
2020,OHIO,OH,39,2679165,45.9,47.8
2020,OKLAHOMA,OK,40,503890,33.1,37.4
2020,OREGON,OR,41,1340383,58.3,53.1
2020,PENNSYLVANIA,PA,42,3458229,50.6,51.1
2020,RHODE ISLAND,RI,44,307486,60.6,59.8
2020,SOUTH CAROLINA,SC,45,1091541,44.1,44.2
2020,SOUTH DAKOTA,SD,46,150471,36.6,41.0
2020,TENNESSEE,TN,47,1143711,38.2,44.3
2020,TEXAS,TX,48,5259126,47.2,43.7
2020,UTAH,UT,49,560282,39.3,32.3
2020,VERMONT,VT,50,242820,68.3,58.1
2020,VIRGINIA,VA,51,2413568,55.2,48.0
2020,WASHINGTON,WA,53,2369612,59.9,53.9
2020,WEST VIRGINIA,WV,54,235984,30.2,44.6
2020,WISCONSIN,WI,55,1630866,50.3,51.1
2020,WYOMING,WY,56,73491,27.5,32.8
2016,ALABAMA,AL,1,729547,35.6,41.7
2016,ALASKA,AK,2,116454,41.6,38.7
2016,ARIZONA,AZ,4,1161167,48.1,44.1
2016,ARKANSAS,AR,5,380494,35.7,45.5
2016,CALIFORNIA,CA,6,8753788,66.1,55.5
2016,COLORADO,CO,8,1338870,52.7,48.4
2016,CONNECTICUT,CT,9,897572,57.1,54.0
2016,DELAWARE,DE,10,235603,56.0,54.2
2016,DISTRICT OF COLUMBIA,DC,11,282830,95.7,90.0
2016,FLORIDA,FL,12,4504975,49.4,46.9
2016,GEORGIA,GA,13,1877963,47.3,48.4
2016,HAWAII,HI,15,266891,67.4,59.7
2016,IDAHO,ID,16,189765,31.7,33.6
2016,ILLINOIS,IL,17,3090729,59.0,54.7
2016,INDIANA,IN,18,1033126,39.9,42.8
2016,IOWA,IA,19,653669,44.9,49.6
2016,KANSAS,KS,20,427005,38.9,40.5
2016,KENTUCKY,KY,21,628854,34.3,42.9
2016,LOUISIANA,LA,22,780154,39.8,44.8
2016,MAINE,ME,23,357735,51.6,52.6
2016,MARYLAND,MD,24,1677928,64.0,58.0
2016,MASSACHUSETTS,MA,25,1995196,64.7,60.7
2016,MICHIGAN,MI,26,2268839,49.9,50.8
2016,MINNESOTA,MN,27,1367705,50.8,53.7
2016,MISSISSIPPI,MS,28,485131,40.9,43.1
2016,MISSOURI,MO,29,1071068,40.2,46.9
2016,MONTANA,MT,30,177709,38.9,42.8
2016,NEBRASKA,NE,31,284494,36.5,36.9
2016,NEVADA,NV,32,539260,51.3,46.9
2016,NEW HAMPSHIRE,NH,33,348526,50.2,47.3
2016,NEW JERSEY,NJ,34,2148278,57.3,52.5
2016,NEW MEXICO,NM,35,385234,54.7,50.8
2016,NEW YORK,NY,36,4556124,61.8,58.0
2016,NORTH CAROLINA,NC,37,2189316,48.1,47.2
2016,NORTH DAKOTA,ND,38,93758,30.2,37.9
2016,OHIO,OH,39,2394164,45.7,47.8
2016,OKLAHOMA,OK,40,420375,30.7,37.4
2016,OREGON,OR,41,1002106,56.2,53.1
2016,PENNSYLVANIA,PA,42,2926441,49.6,51.1
2016,RHODE ISLAND,RI,44,252525,58.3,59.8
2016,SOUTH CAROLINA,SC,45,855373,42.5,44.2
2016,SOUTH DAKOTA,SD,46,117458,34.0,41.0
2016,TENNESSEE,TN,47,870695,36.4,44.3
2016,TEXAS,TX,48,3877868,45.3,43.7
2016,UTAH,UT,49,310674,37.6,32.3
2016,VERMONT,VT,50,178573,65.2,58.1
2016,VIRGINIA,VA,51,1981473,52.8,48.0
2016,WASHINGTON,WA,53,1742718,58.8,53.9
2016,WEST VIRGINIA,WV,54,188794,27.8,44.6
2016,WISCONSIN,WI,55,1382536,49.6,51.1
2016,WYOMING,WY,56,55973,24.3,32.8
2012,ALABAMA,AL,1,795696,38.8,41.7
2012,ALASKA,AK,2,122640,42.7,38.7
2012,ARIZONA,AZ,4,1025232,45.4,44.1
2012,ARKANSAS,AR,5,394409,37.8,45.5
2012,CALIFORNIA,CA,6,7854285,61.9,55.5
2012,COLORADO,CO,8,1323101,52.7,48.4
2012,CONNECTICUT,CT,9,905083,58.8,54.0
2012,DELAWARE,DE,10,242584,59.4,54.2
2012,DISTRICT OF COLUMBIA,DC,11,267070,92.6,90.0
2012,FLORIDA,FL,12,4237756,50.4,46.9
2012,GEORGIA,GA,13,1773827,46.0,48.4
2012,HAWAII,HI,15,306658,71.7,59.7
2012,IDAHO,ID,16,212787,33.6,33.6
2012,ILLINOIS,IL,17,3019512,58.6,54.7
2012,INDIANA,IN,18,1152887,44.8,42.8
2012,IOWA,IA,19,822544,53.0,49.6
2012,KANSAS,KS,20,440726,38.9,40.5
2012,KENTUCKY,KY,21,679370,38.5,42.9
2012,LOUISIANA,LA,22,809141,41.3,44.8
2012,MAINE,ME,23,401306,57.9,52.6
2012,MARYLAND,MD,24,1677844,63.3,58.0
2012,MASSACHUSETTS,MA,25,1921290,61.8,60.7
2012,MICHIGAN,MI,26,2564569,54.8,50.8
2012,MINNESOTA,MN,27,1546167,53.9,53.7
2012,MISSISSIPPI,MS,28,562949,44.2,43.1
2012,MISSOURI,MO,29,1223796,45.2,46.9
2012,MONTANA,MT,30,201839,43.0,42.8
2012,NEBRASKA,NE,31,302081,38.9,36.9
2012,NEVADA,NV,32,531373,53.4,46.9
2012,NEW HAMPSHIRE,NH,33,369561,52.8,47.3
2012,NEW JERSEY,NJ,34,2122786,59.0,52.5
2012,NEW MEXICO,NM,35,415335,55.3,50.8
2012,NEW YORK,NY,36,4471871,64.3,58.0
2012,NORTH CAROLINA,NC,37,2178391,49.0,47.2
2012,NORTH DAKOTA,ND,38,124966,39.9,37.9
2012,OHIO,OH,39,2827621,51.5,47.8
2012,OKLAHOMA,OK,40,443547,33.2,37.4
2012,OREGON,OR,41,970488,56.3,53.1
2012,PENNSYLVANIA,PA,42,2990274,52.7,51.1
2012,RHODE ISLAND,RI,44,279677,64.0,59.8
2012,SOUTH CAROLINA,SC,45,865941,44.7,44.2
2012,SOUTH DAKOTA,SD,46,145039,40.8,41.0
2012,TENNESSEE,TN,47,960709,39.6,44.3
2012,TEXAS,TX,48,3308124,42.0,43.7
2012,UTAH,UT,49,251813,25.4,32.3
2012,VERMONT,VT,50,199239,68.2,58.1
2012,VIRGINIA,VA,51,1971820,52.0,48.0
2012,WASHINGTON,WA,53,1755396,57.6,53.9
2012,WEST VIRGINIA,WV,54,238269,36.3,44.6
2012,WISCONSIN,WI,55,1620985,53.5,51.1
2012,WYOMING,WY,56,69286,28.8,32.8
2008,ALABAMA,AL,1,813479,39.1,41.7
2008,ALASKA,AK,2,123594,38.9,38.7
2008,ARIZONA,AZ,4,1034707,45.7,44.1
2008,ARKANSAS,AR,5,422310,39.8,45.5
2008,CALIFORNIA,CA,6,8274473,62.3,55.5
2008,COLORADO,CO,8,1288576,54.6,48.4
2008,CONNECTICUT,CT,9,997772,61.3,54.0
2008,DELAWARE,DE,10,255459,62.6,54.2
2008,DISTRICT OF COLUMBIA,DC,11,245800,93.4,90.0
2008,FLORIDA,FL,12,4282074,51.4,46.9
2008,GEORGIA,GA,13,1844123,47.4,48.4
2008,HAWAII,HI,15,325871,73.0,59.7
2008,IDAHO,ID,16,236440,37.0,33.6
2008,ILLINOIS,IL,17,3419348,62.7,54.7
2008,INDIANA,IN,18,1374039,50.5,42.8
2008,IOWA,IA,19,828940,54.8,49.6
2008,KANSAS,KS,20,514765,42.4,40.5
2008,KENTUCKY,KY,21,751985,41.8,42.9
2008,LOUISIANA,LA,22,782989,40.5,44.8
2008,MAINE,ME,23,421923,58.8,52.6
2008,MARYLAND,MD,24,1629467,62.9,58.0
2008,MASSACHUSETTS,MA,25,1904097,63.2,60.7
2008,MICHIGAN,MI,26,2872579,58.4,50.8
2008,MINNESOTA,MN,27,1573354,55.2,53.7
2008,MISSISSIPPI,MS,28,554662,43.4,43.1
2008,MISSOURI,MO,29,1441911,49.9,46.9
2008,MONTANA,MT,30,231667,48.8,42.8
2008,NEBRASKA,NE,31,333319,42.4,36.9
2008,NEVADA,NV,32,533736,56.4,46.9
2008,NEW HAMPSHIRE,NH,33,384826,54.9,47.3
2008,NEW JERSEY,NJ,34,2215422,57.9,52.5
2008,NEW MEXICO,NM,35,472422,57.7,50.8
2008,NEW YORK,NY,36,4804945,63.6,58.0
2008,NORTH CAROLINA,NC,37,2142651,50.2,47.2
2008,NORTH DAKOTA,ND,38,141278,45.6,37.9
2008,OHIO,OH,39,2940044,52.3,47.8
2008,OKLAHOMA,OK,40,502496,34.4,37.4
2008,OREGON,OR,41,1037291,58.4,53.1
2008,PENNSYLVANIA,PA,42,3276363,55.2,51.1
2008,RHODE ISLAND,RI,44,296571,64.2,59.8
2008,SOUTH CAROLINA,SC,45,862449,45.5,44.2
2008,SOUTH DAKOTA,SD,46,170924,45.7,41.0
2008,TENNESSEE,TN,47,1087437,42.4,44.3
2008,TEXAS,TX,48,3528633,44.1,43.7
2008,UTAH,UT,49,327670,35.5,32.3
2008,VERMONT,VT,50,219262,68.9,58.1
2008,VIRGINIA,VA,51,1959532,53.2,48.0
2008,WASHINGTON,WA,53,1750848,58.8,53.9
2008,WEST VIRGINIA,WV,54,303857,43.3,44.6
2008,WISCONSIN,WI,55,1677211,57.1,51.1
2008,WYOMING,WY,56,82868,33.4,32.8
2004,ALABAMA,AL,1,693933,37.1,41.7
2004,ALASKA,AK,2,111025,36.8,38.7
2004,ARIZONA,AZ,4,893524,44.7,44.1
2004,ARKANSAS,AR,5,469953,45.1,45.5
2004,CALIFORNIA,CA,6,6745485,55.0,55.5
2004,COLORADO,CO,8,1001732,47.6,48.4
2004,CONNECTICUT,CT,9,857488,55.3,54.0
2004,DELAWARE,DE,10,200152,53.8,54.2
2004,DISTRICT OF COLUMBIA,DC,11,202970,90.5,90.0
2004,FLORIDA,FL,12,3583544,47.5,46.9
2004,GEORGIA,GA,13,1366149,41.6,48.4
2004,HAWAII,HI,15,231708,54.4,59.7
2004,IDAHO,ID,16,181098,30.7,33.6
2004,ILLINOIS,IL,17,2891550,55.2,54.7
2004,INDIANA,IN,18,969011,39.6,42.8
2004,IOWA,IA,19,741898,49.7,49.6
2004,KANSAS,KS,20,434993,37.1,40.5
2004,KENTUCKY,KY,21,712733,40.0,42.9
2004,LOUISIANA,LA,22,820299,42.7,44.8
2004,MAINE,ME,23,396842,54.6,52.6
2004,MARYLAND,MD,24,1334493,56.6,58.0
2004,MASSACHUSETTS,MA,25,1803800,62.7,60.7
2004,MICHIGAN,MI,26,2479183,51.7,50.8
2004,MINNESOTA,MN,27,1445014,51.8,53.7
2004,MISSISSIPPI,MS,28,457766,40.5,43.1
2004,MISSOURI,MO,29,1259171,46.4,46.9
2004,MONTANA,MT,30,173710,39.5,42.8
2004,NEBRASKA,NE,31,254328,33.2,36.9
2004,NEVADA,NV,32,397190,48.7,46.9
2004,NEW HAMPSHIRE,NH,33,340511,50.7,47.3
2004,NEW JERSEY,NJ,34,1911430,53.4,52.5
2004,NEW MEXICO,NM,35,370942,49.6,50.8
2004,NEW YORK,NY,36,4314280,59.3,58.0
2004,NORTH CAROLINA,NC,37,1525849,43.8,47.2
2004,NORTH DAKOTA,ND,38,111052,36.1,37.9
2004,OHIO,OH,39,2741165,48.9,47.8
2004,OKLAHOMA,OK,40,503966,34.4,37.4
2004,OREGON,OR,41,943163,52.1,53.1
2004,PENNSYLVANIA,PA,42,2938095,51.3,51.1
2004,RHODE ISLAND,RI,44,259760,60.6,59.8
2004,SOUTH CAROLINA,SC,45,661669,41.4,44.2
2004,SOUTH DAKOTA,SD,46,149244,39.1,41.0
2004,TENNESSEE,TN,47,1036477,42.8,44.3
2004,TEXAS,TX,48,2832704,38.5,43.7
2004,UTAH,UT,49,241199,26.7,32.3
2004,VERMONT,VT,50,184067,60.3,58.1
2004,VIRGINIA,VA,51,1454742,45.9,48.0
2004,WASHINGTON,WA,53,1510201,53.6,53.9
2004,WEST VIRGINIA,WV,54,326541,43.5,44.6
2004,WISCONSIN,WI,55,1489504,50.2,51.1
2004,WYOMING,WY,56,70776,29.7,32.8
2000,ALABAMA,AL,1,692611,42.4,41.7
2000,ALASKA,AK,2,79004,32.1,38.7
2000,ARIZONA,AZ,4,685341,46.7,44.1
2000,ARKANSAS,AR,5,422768,47.2,45.5
2000,CALIFORNIA,CA,6,5861203,56.2,55.5
2000,COLORADO,CO,8,738227,45.5,48.4
2000,CONNECTICUT,CT,9,816015,59.3,54.0
2000,DELAWARE,DE,10,180068,56.7,54.2
2000,DISTRICT OF COLUMBIA,DC,11,171923,90.5,90.0
2000,FLORIDA,FL,12,2912253,50.0,46.9
2000,GEORGIA,GA,13,1116230,44.0,48.4
2000,HAWAII,HI,15,205286,59.8,59.7
2000,IDAHO,ID,16,138637,29.2,33.6
2000,ILLINOIS,IL,17,2589026,56.2,54.7
2000,INDIANA,IN,18,901980,42.0,42.8
2000,IOWA,IA,19,638517,50.2,49.6
2000,KANSAS,KS,20,399276,39.1,40.5
2000,KENTUCKY,KY,21,638923,42.3,42.9
2000,LOUISIANA,LA,22,792344,46.1,44.8
2000,MAINE,ME,23,319951,52.7,52.6
2000,MARYLAND,MD,24,1144008,58.4,58.0
2000,MASSACHUSETTS,MA,25,1616487,64.8,60.7
2000,MICHIGAN,MI,26,2170418,52.6,50.8
2000,MINNESOTA,MN,27,1168266,51.3,53.7
2000,MISSISSIPPI,MS,28,404614,41.4,43.1
2000,MISSOURI,MO,29,1111138,48.3,46.9
2000,MONTANA,MT,30,137126,36.3,42.8
2000,NEBRASKA,NE,31,231780,34.8,36.9
2000,NEVADA,NV,32,279978,48.1,46.9
2000,NEW HAMPSHIRE,NH,33,266348,49.3,47.3
2000,NEW JERSEY,NJ,34,1788850,58.2,52.5
2000,NEW MEXICO,NM,35,286783,50.0,50.8
2000,NEW YORK,NY,36,4107697,63.1,58.0
2000,NORTH CAROLINA,NC,37,1257692,43.5,47.2
2000,NORTH DAKOTA,ND,38,95284,35.3,37.9
2000,OHIO,OH,39,2183628,48.2,47.8
2000,OKLAHOMA,OK,40,474276,38.9,37.4
2000,OREGON,OR,41,720342,50.2,53.1
2000,PENNSYLVANIA,PA,42,2485967,52.1,51.1
2000,RHODE ISLAND,RI,44,249508,65.6,59.8
2000,SOUTH CAROLINA,SC,45,566037,41.8,44.2
2000,SOUTH DAKOTA,SD,46,118804,38.4,41.0
2000,TENNESSEE,TN,47,981720,48.0,44.3
2000,TEXAS,TX,48,2433746,39.0,43.7
2000,UTAH,UT,49,203053,28.3,32.3
2000,VERMONT,VT,50,149022,55.4,58.1
2000,VIRGINIA,VA,51,1217290,45.9,48.0
2000,WASHINGTON,WA,53,1247652,52.9,53.9
2000,WEST VIRGINIA,WV,54,295497,46.8,44.6
2000,WISCONSIN,WI,55,1242987,50.1,51.1
2000,WYOMING,WY,56,60481,29.0,32.8
1996,ALABAMA,AL,1,662165,46.3,41.7
1996,ALASKA,AK,2,80380,39.6,38.7
1996,ARIZONA,AZ,4,653288,51.2,44.1
1996,ARKANSAS,AR,5,475171,59.4,45.5
1996,CALIFORNIA,CA,6,5119835,57.2,55.5
1996,COLORADO,CO,8,671152,49.2,48.4
1996,CONNECTICUT,CT,9,735740,60.4,54.0
1996,DELAWARE,DE,10,140355,58.6,54.2
1996,DISTRICT OF COLUMBIA,DC,11,158220,90.1,90.0
1996,FLORIDA,FL,12,2546870,53.2,46.9
1996,GEORGIA,GA,13,1053849,49.4,48.4
1996,HAWAII,HI,15,205012,64.3,59.7
1996,IDAHO,ID,16,165443,39.2,33.6
1996,ILLINOIS,IL,17,2341744,59.6,54.7
1996,INDIANA,IN,18,887424,46.9,42.8
1996,IOWA,IA,19,620258,55.7,49.6
1996,KANSAS,KS,20,387659,39.9,40.5
1996,KENTUCKY,KY,21,636614,50.5,42.9
1996,LOUISIANA,LA,22,927837,56.6,44.8
1996,MAINE,ME,23,312788,62.7,52.6
1996,MARYLAND,MD,24,966207,58.6,58.0
1996,MASSACHUSETTS,MA,25,1571509,68.6,60.7
1996,MICHIGAN,MI,26,1989653,57.3,50.8
1996,MINNESOTA,MN,27,1120380,59.4,53.7
1996,MISSISSIPPI,MS,28,394022,47.3,43.1
1996,MISSOURI,MO,29,1025935,53.5,46.9
1996,MONTANA,MT,30,167922,48.3,42.8
1996,NEBRASKA,NE,31,236761,39.4,36.9
1996,NEVADA,NV,32,203974,50.6,46.9
1996,NEW HAMPSHIRE,NH,33,246166,55.6,47.3
1996,NEW JERSEY,NJ,34,1652361,60.0,52.5
1996,NEW MEXICO,NM,35,273495,54.0,50.8
1996,NEW YORK,NY,36,3756177,66.0,58.0
1996,NORTH CAROLINA,NC,37,1107849,47.5,47.2
1996,NORTH DAKOTA,ND,38,106905,46.1,37.9
1996,OHIO,OH,39,2148222,53.6,47.8
1996,OKLAHOMA,OK,40,488105,45.6,37.4
1996,OREGON,OR,41,649641,54.7,53.1
1996,PENNSYLVANIA,PA,42,2215819,55.2,51.1
1996,RHODE ISLAND,RI,44,233050,69.0,59.8
1996,SOUTH CAROLINA,SC,45,506152,46.9,44.2
1996,SOUTH DAKOTA,SD,46,139333,48.1,41.0
1996,TENNESSEE,TN,47,909146,51.3,44.3
1996,TEXAS,TX,48,2459683,47.3,43.7
1996,UTAH,UT,49,221633,38.0,32.3
1996,VERMONT,VT,50,137894,63.2,58.1
1996,VIRGINIA,VA,51,1091060,48.9,48.0
1996,WASHINGTON,WA,53,1123323,57.2,53.9
1996,WEST VIRGINIA,WV,54,327812,58.4,44.6
1996,WISCONSIN,WI,55,1071971,55.9,51.1
1996,WYOMING,WY,56,77934,42.5,32.8
1992,ALABAMA,AL,1,690080,46.2,41.7
1992,ALASKA,AK,2,78294,43.4,38.7
1992,ARIZONA,AZ,4,543050,48.7,44.1
1992,ARKANSAS,AR,5,505823,60.0,45.5
1992,CALIFORNIA,CA,6,5121325,58.5,55.5
1992,COLORADO,CO,8,629681,52.8,48.4
1992,CONNECTICUT,CT,9,682318,54.1,54.0
1992,DELAWARE,DE,10,126054,55.2,54.2
1992,DISTRICT OF COLUMBIA,DC,11,192619,90.3,90.0
1992,FLORIDA,FL,12,2071698,48.8,46.9
1992,GEORGIA,GA,13,1008966,50.3,48.4
1992,HAWAII,HI,15,179310,56.7,59.7
1992,IDAHO,ID,16,137013,40.3,33.6
1992,ILLINOIS,IL,17,2453350,58.6,54.7
1992,INDIANA,IN,18,848420,46.2,42.8
1992,IOWA,IA,19,586353,53.7,49.6
1992,KANSAS,KS,20,390434,46.5,40.5
1992,KENTUCKY,KY,21,665104,51.9,42.9
1992,LOUISIANA,LA,22,815971,52.7,44.8
1992,MAINE,ME,23,263420,56.1,52.6
1992,MARYLAND,MD,24,988571,58.3,58.0
1992,MASSACHUSETTS,MA,25,1318639,62.1,60.7
1992,MICHIGAN,MI,26,1871182,54.6,50.8
1992,MINNESOTA,MN,27,1020997,57.7,53.7
1992,MISSISSIPPI,MS,28,400258,45.1,43.1
1992,MISSOURI,MO,29,1053873,56.5,46.9
1992,MONTANA,MT,30,154507,51.7,42.8
1992,NEBRASKA,NE,31,216864,38.7,36.9
1992,NEVADA,NV,32,189148,51.8,46.9
1992,NEW HAMPSHIRE,NH,33,209040,50.8,47.3
1992,NEW JERSEY,NJ,34,1436206,51.4,52.5
1992,NEW MEXICO,NM,35,261617,55.1,50.8
1992,NEW YORK,NY,36,3444450,59.5,58.0
1992,NORTH CAROLINA,NC,37,1114042,49.5,47.2
1992,NORTH DAKOTA,ND,38,99168,42.1,37.9
1992,OHIO,OH,39,1984942,51.2,47.8
1992,OKLAHOMA,OK,40,473066,44.4,37.4
1992,OREGON,OR,41,621314,56.6,53.1
1992,PENNSYLVANIA,PA,42,2239164,55.5,51.1
1992,RHODE ISLAND,RI,44,213299,61.8,59.8
1992,SOUTH CAROLINA,SC,45,525514,47.6,44.2
1992,SOUTH DAKOTA,SD,46,124888,47.7,41.0
1992,TENNESSEE,TN,47,933521,52.6,44.3
1992,TEXAS,TX,48,2281815,47.8,43.7
1992,UTAH,UT,49,183429,36.2,32.3
1992,VERMONT,VT,50,133592,60.3,58.1
1992,VIRGINIA,VA,51,1038650,47.4,48.0
1992,WASHINGTON,WA,53,993037,57.6,53.9
1992,WEST VIRGINIA,WV,54,331001,57.8,44.6
1992,WISCONSIN,WI,55,1041066,52.8,51.1
1992,WYOMING,WY,56,68160,46.2,32.8
1988,ALABAMA,AL,1,549506,40.3,41.7
1988,ALASKA,AK,2,72584,37.8,38.7
1988,ARIZONA,AZ,4,454029,39.3,44.1
1988,ARKANSAS,AR,5,349237,42.8,45.5
1988,CALIFORNIA,CA,6,4702233,48.2,55.5
1988,COLORADO,CO,8,621453,46.0,48.4
1988,CONNECTICUT,CT,9,676584,47.4,54.0
1988,DELAWARE,DE,10,108647,43.8,54.2
1988,DISTRICT OF COLUMBIA,DC,11,159407,85.2,90.0
1988,FLORIDA,FL,12,1656701,38.7,46.9
1988,GEORGIA,GA,13,714792,39.8,48.4
1988,HAWAII,HI,15,192364,54.8,59.7
1988,IDAHO,ID,16,147272,36.7,33.6
1988,ILLINOIS,IL,17,2215940,49.0,54.7
1988,INDIANA,IN,18,860643,39.9,42.8
1988,IOWA,IA,19,670557,55.1,49.6
1988,KANSAS,KS,20,422636,43.3,40.5
1988,KENTUCKY,KY,21,580368,44.1,42.9
1988,LOUISIANA,LA,22,717460,44.8,44.8
1988,MAINE,ME,23,243569,44.2,52.6
1988,MARYLAND,MD,24,826304,48.5,58.0
1988,MASSACHUSETTS,MA,25,1401415,54.0,60.7
1988,MICHIGAN,MI,26,1675783,46.0,50.8
1988,MINNESOTA,MN,27,1109471,53.6,53.7
1988,MISSISSIPPI,MS,28,363921,39.5,43.1
1988,MISSOURI,MO,29,1001619,48.0,46.9
1988,MONTANA,MT,30,168936,47.0,42.8
1988,NEBRASKA,NE,31,259235,39.4,36.9
1988,NEVADA,NV,32,132738,39.2,46.9
1988,NEW HAMPSHIRE,NH,33,163696,36.8,47.3
1988,NEW JERSEY,NJ,34,1320352,43.1,52.5
1988,NEW MEXICO,NM,35,244497,47.5,50.8
1988,NEW YORK,NY,36,3347882,52.1,58.0
1988,NORTH CAROLINA,NC,37,890167,41.8,47.2
1988,NORTH DAKOTA,ND,38,127739,43.4,37.9
1988,OHIO,OH,39,1939629,44.5,47.8
1988,OKLAHOMA,OK,40,483423,41.6,37.4
1988,OREGON,OR,41,616206,52.4,53.1
1988,PENNSYLVANIA,PA,42,2194944,48.8,51.1
1988,RHODE ISLAND,RI,44,225123,55.9,59.8
1988,SOUTH CAROLINA,SC,45,370554,37.9,44.2
1988,SOUTH DAKOTA,SD,46,145560,46.8,41.0
1988,TENNESSEE,TN,47,679794,41.8,44.3
1988,TEXAS,TX,48,2352748,43.7,43.7
1988,UTAH,UT,49,207343,32.6,32.3
1988,VERMONT,VT,50,115775,48.2,58.1
1988,VIRGINIA,VA,51,859799,39.6,48.0
1988,WASHINGTON,WA,53,933516,50.8,53.9
1988,WEST VIRGINIA,WV,54,341016,52.4,44.6
1988,WISCONSIN,WI,55,1126794,51.8,51.1
1988,WYOMING,WY,56,67113,38.6,32.8
1984,ALABAMA,AL,1,551899,38.7,41.7
1984,ALASKA,AK,2,62007,30.9,38.7
1984,ARIZONA,AZ,4,333854,32.9,44.1
1984,ARKANSAS,AR,5,338646,38.8,45.5
1984,CALIFORNIA,CA,6,3922519,41.8,55.5
1984,COLORADO,CO,8,454975,35.6,48.4
1984,CONNECTICUT,CT,9,569597,39.0,54.0
1984,DELAWARE,DE,10,101656,40.0,54.2
1984,DISTRICT OF COLUMBIA,DC,11,180408,86.1,90.0
1984,FLORIDA,FL,12,1448816,34.7,46.9
1984,GEORGIA,GA,13,706628,39.8,48.4
1984,HAWAII,HI,15,147154,44.3,59.7
1984,IDAHO,ID,16,108510,26.7,33.6
1984,ILLINOIS,IL,17,2086499,43.5,54.7
1984,INDIANA,IN,18,841481,37.9,42.8
1984,IOWA,IA,19,605620,46.3,49.6
1984,KANSAS,KS,20,333149,33.0,40.5
1984,KENTUCKY,KY,21,539539,39.6,42.9
1984,LOUISIANA,LA,22,651586,38.6,44.8
1984,MAINE,ME,23,214515,38.9,52.6
1984,MARYLAND,MD,24,787935,47.2,58.0
1984,MASSACHUSETTS,MA,25,1239606,48.6,60.7
1984,MICHIGAN,MI,26,1529638,40.5,50.8
1984,MINNESOTA,MN,27,1036364,50.1,53.7
1984,MISSISSIPPI,MS,28,352192,37.7,43.1
1984,MISSOURI,MO,29,848583,40.0,46.9
1984,MONTANA,MT,30,146742,38.7,42.8
1984,NEBRASKA,NE,31,187866,29.0,36.9
1984,NEVADA,NV,32,91655,32.7,46.9
1984,NEW HAMPSHIRE,NH,33,120347,31.1,47.3
1984,NEW JERSEY,NJ,34,1261323,39.5,52.5
1984,NEW MEXICO,NM,35,201769,39.7,50.8
1984,NEW YORK,NY,36,3119609,46.0,58.0
1984,NORTH CAROLINA,NC,37,824287,38.0,47.2
1984,NORTH DAKOTA,ND,38,104429,34.3,37.9
1984,OHIO,OH,39,1825440,40.5,47.8
1984,OKLAHOMA,OK,40,385080,30.9,37.4
1984,OREGON,OR,41,536479,43.9,53.1
1984,PENNSYLVANIA,PA,42,2228131,46.3,51.1
1984,RHODE ISLAND,RI,44,197106,48.2,59.8
1984,SOUTH CAROLINA,SC,45,344459,35.9,44.2
1984,SOUTH DAKOTA,SD,46,116113,36.7,41.0
1984,TENNESSEE,TN,47,711714,41.8,44.3
1984,TEXAS,TX,48,1949276,36.2,43.7
1984,UTAH,UT,49,155369,24.9,32.3
1984,VERMONT,VT,50,95730,41.3,58.1
1984,VIRGINIA,VA,51,796250,37.3,48.0
1984,WASHINGTON,WA,53,798352,43.2,53.9
1984,WEST VIRGINIA,WV,54,328125,44.7,44.6
1984,WISCONSIN,WI,55,995740,45.4,51.1
1984,WYOMING,WY,56,53370,28.6,32.8
1980,ALABAMA,AL,1,636730,49.3,41.7
1980,ALASKA,AK,2,41842,32.7,38.7
1980,ARIZONA,AZ,4,246843,31.8,44.1
1980,ARKANSAS,AR,5,398041,49.7,45.5
1980,CALIFORNIA,CA,6,3082943,40.5,55.5
1980,COLORADO,CO,8,368009,36.1,48.4
1980,CONNECTICUT,CT,9,541732,44.4,54.0
1980,DELAWARE,DE,10,105754,48.7,54.2
1980,DISTRICT OF COLUMBIA,DC,11,130231,84.8,90.0
1980,FLORIDA,FL,12,1419475,40.9,46.9
1980,GEORGIA,GA,13,890955,57.7,48.4
1980,HAWAII,HI,15,135879,51.1,59.7
1980,IDAHO,ID,16,110192,27.5,33.6
1980,ILLINOIS,IL,17,1981413,45.7,54.7
1980,INDIANA,IN,18,844197,40.2,42.8
1980,IOWA,IA,19,508672,42.9,49.6
1980,KANSAS,KS,20,326150,36.5,40.5
1980,KENTUCKY,KY,21,617417,49.3,42.9
1980,LOUISIANA,LA,22,708453,47.2,44.8
1980,MAINE,ME,23,220974,48.1,52.6
1980,MARYLAND,MD,24,726161,51.6,58.0
1980,MASSACHUSETTS,MA,25,1053802,49.9,60.7
1980,MICHIGAN,MI,26,1661532,46.5,50.8
1980,MINNESOTA,MN,27,954173,52.2,53.7
1980,MISSISSIPPI,MS,28,429281,49.3,43.1
1980,MISSOURI,MO,29,931182,46.4,46.9
1980,MONTANA,MT,30,118032,36.3,42.8
1980,NEBRASKA,NE,31,166424,28.4,36.9
1980,NEVADA,NV,32,66666,30.1,46.9
1980,NEW HAMPSHIRE,NH,33,108864,32.9,47.3
1980,NEW JERSEY,NJ,34,1147364,42.6,52.5
1980,NEW MEXICO,NM,35,167826,40.1,50.8
1980,NEW YORK,NY,36,2728372,48.5,58.0
1980,NORTH CAROLINA,NC,37,875635,48.9,47.2
1980,NORTH DAKOTA,ND,38,79189,29.0,37.9
1980,OHIO,OH,39,1752414,44.3,47.8
1980,OKLAHOMA,OK,40,402026,36.6,37.4
1980,OREGON,OR,41,456890,44.4,53.1
1980,PENNSYLVANIA,PA,42,1937540,46.1,51.1
1980,RHODE ISLAND,RI,44,198342,56.2,59.8
1980,SOUTH CAROLINA,SC,45,428220,49.4,44.2
1980,SOUTH DAKOTA,SD,46,103855,34.4,41.0
1980,TENNESSEE,TN,47,783051,49.9,44.3
1980,TEXAS,TX,48,1881147,42.8,43.7
1980,UTAH,UT,49,124266,22.0,32.3
1980,VERMONT,VT,50,81952,46.4,58.1
1980,VIRGINIA,VA,51,752174,43.2,48.0
1980,WASHINGTON,WA,53,650193,42.9,53.9
1980,WEST VIRGINIA,WV,54,367462,52.4,44.6
1980,WISCONSIN,WI,55,981584,47.4,51.1
1980,WYOMING,WY,56,49427,30.9,32.8
1976,ALABAMA,AL,1,659170,56.7,41.7
1976,ALASKA,AK,2,44058,38.1,38.7
1976,ARIZONA,AZ,4,295602,41.4,44.1
1976,ARKANSAS,AR,5,498604,65.0,45.5
1976,CALIFORNIA,CA,6,3742284,49.1,55.5
1976,COLORADO,CO,8,460801,44.1,48.4
1976,CONNECTICUT,CT,9,647895,47.4,54.0
1976,DELAWARE,DE,10,122461,52.7,54.2
1976,DISTRICT OF COLUMBIA,DC,11,137818,83.2,90.0
1976,FLORIDA,FL,12,1636000,52.7,46.9
1976,GEORGIA,GA,13,979409,66.9,48.4
1976,HAWAII,HI,15,147375,51.3,59.7
1976,IDAHO,ID,16,126549,38.3,33.6
1976,ILLINOIS,IL,17,2271295,49.0,54.7
1976,INDIANA,IN,18,1014714,46.2,42.8
1976,IOWA,IA,19,619931,49.5,49.6
1976,KANSAS,KS,20,430421,46.1,40.5
1976,KENTUCKY,KY,21,615717,53.7,42.9
1976,LOUISIANA,LA,22,661365,53.0,44.8
1976,MAINE,ME,23,232279,49.6,52.6
1976,MARYLAND,MD,24,759612,53.0,58.0
1976,MASSACHUSETTS,MA,25,1429475,58.1,60.7
1976,MICHIGAN,MI,26,1696714,47.3,50.8
1976,MINNESOTA,MN,27,1070440,56.6,53.7
1976,MISSISSIPPI,MS,28,381329,51.0,43.1
1976,MISSOURI,MO,29,998387,51.8,46.9
1976,MONTANA,MT,30,149259,46.2,42.8
1976,NEBRASKA,NE,31,233293,39.4,36.9
1976,NEVADA,NV,32,92479,47.7,46.9
1976,NEW HAMPSHIRE,NH,33,147645,44.3,47.3
1976,NEW JERSEY,NJ,34,1444653,48.9,52.5
1976,NEW MEXICO,NM,35,201148,48.8,50.8
1976,NEW YORK,NY,36,3389558,52.2,58.0
1976,NORTH CAROLINA,NC,37,927365,55.6,47.2
1976,NORTH DAKOTA,ND,38,136078,47.0,37.9
1976,OHIO,OH,39,2009959,50.1,47.8
1976,OKLAHOMA,OK,40,532442,49.4,37.4
1976,OREGON,OR,41,490407,49.9,53.1
1976,PENNSYLVANIA,PA,42,2328677,51.4,51.1
1976,RHODE ISLAND,RI,44,227636,55.7,59.8
1976,SOUTH CAROLINA,SC,45,450807,56.6,44.2
1976,SOUTH DAKOTA,SD,46,147068,49.3,41.0
1976,TENNESSEE,TN,47,825879,56.6,44.3
1976,TEXAS,TX,48,2082319,51.6,43.7
1976,UTAH,UT,49,182110,35.0,32.3
1976,VERMONT,VT,50,77798,43.7,58.1
1976,VIRGINIA,VA,51,813896,49.3,48.0
1976,WASHINGTON,WA,53,717323,48.0,53.9
1976,WEST VIRGINIA,WV,54,435864,58.1,44.6
1976,WISCONSIN,WI,55,1040232,50.9,51.1
1976,WYOMING,WY,56,62239,40.2,32.8
