state,state_po,state_fips,democratic_pct_ave_1976_2024,candidatevotes_1976,democratic_pct_1976,candidatevotes_1980,democratic_pct_1980,candidatevotes_1984,democratic_pct_1984,candidatevotes_1988,democratic_pct_1988,candidatevotes_1992,democratic_pct_1992,candidatevotes_1996,democratic_pct_1996,candidatevotes_2000,democratic_pct_2000,candidatevotes_2004,democratic_pct_2004,candidatevotes_2008,democratic_pct_2008,candidatevotes_2012,democratic_pct_2012,candidatevotes_2016,democratic_pct_2016,candidatevotes_2020,democratic_pct_2020,candidatevotes_2024,democratic_pct_2024
ALABAMA,AL,1,41.7,659170,56.7,636730,49.3,551899,38.7,549506,40.3,690080,46.2,662165,46.3,692611,42.4,693933,37.1,813479,39.1,795696,38.8,729547,35.6,849624,37.1,772412,34.6
ALASKA,AK,2,38.7,44058,38.1,41842,32.7,62007,30.9,72584,37.8,78294,43.4,80380,39.6,79004,32.1,111025,36.8,123594,38.9,122640,42.7,116454,41.6,153778,44.7,140026,43.2
ARIZONA,AZ,4,44.1,295602,41.4,246843,31.8,333854,32.9,454029,39.3,543050,48.7,653288,51.2,685341,46.7,893524,44.7,1034707,45.7,1025232,45.4,1161167,48.1,1672143,50.2,1582860,47.2
ARKANSAS,AR,5,45.5,498604,65,398041,49.7,338646,38.8,349237,42.8,505823,60,475171,59.4,422768,47.2,469953,45.1,422310,39.8,394409,37.8,380494,35.7,423932,35.8,396905,34.3
CALIFORNIA,CA,6,55.5,3742284,49.1,3082943,40.5,3922519,41.8,4702233,48.2,5121325,58.5,5119835,57.2,5861203,56.2,6745485,55,8274473,62.3,7854285,61.9,8753788,66.1,11110250,64.9,9276179,60.4
COLORADO,CO,8,48.4,460801,44.1,368009,36.1,454975,35.6,621453,46,629681,52.8,671152,49.2,738227,45.5,1001732,47.6,1288576,54.6,1323101,52.7,1338870,52.7,1804352,56.9,1728159,55.6
CONNECTICUT,CT,9,54,647895,47.4,541732,44.4,569597,39,676584,47.4,682318,54.1,735740,60.4,816015,59.3,857488,55.3,997772,61.3,905083,58.8,897572,57.1,1080831,60.2,992053,57.4
DELAWARE,DE,10,54.2,122461,52.7,105754,48.7,101656,40,108647,43.8,126054,55.2,140355,58.6,180068,56.7,200152,53.8,255459,62.6,242584,59.4,235603,56,296268,59.6,289758,57.5
DISTRICT OF COLUMBIA,DC,11,90,137818,83.2,130231,84.8,180408,86.1,159407,85.2,192619,90.3,158220,90.1,171923,90.5,202970,90.5,245800,93.4,267070,92.6,282830,95.7,317323,94.5,294185,93.3
FLORIDA,FL,12,46.9,1636000,52.7,1419475,40.9,1448816,34.7,1656701,38.7,2071698,48.8,2546870,53.2,2912253,50,3583544,47.5,4282074,51.4,4237756,50.4,4504975,49.4,5297045,48.3,4683038,43.4
GEORGIA,GA,13,48.4,979409,66.9,890955,57.7,706628,39.8,714792,39.8,1008966,50.3,1053849,49.4,1116230,44,1366149,41.6,1844123,47.4,1773827,46,1877963,47.3,2473633,50.1,2548017,48.9
HAWAII,HI,15,59.7,147375,51.3,135879,51.1,147154,44.3,192364,54.8,179310,56.7,205012,64.3,205286,59.8,231708,54.4,325871,73,306658,71.7,266891,67.4,366130,65,313044,61.8
IDAHO,ID,16,33.6,126549,38.3,110192,27.5,108510,26.7,147272,36.7,137013,40.3,165443,39.2,138637,29.2,181098,30.7,236440,37,212787,33.6,189765,31.7,287021,34.1,274972,31.2
ILLINOIS,IL,17,54.7,2271295,49,1981413,45.7,2086499,43.5,2215940,49,2453350,58.6,2341744,59.6,2589026,56.2,2891550,55.2,3419348,62.7,3019512,58.6,3090729,59,3471915,58.7,3062863,55.6
INDIANA,IN,18,42.8,1014714,46.2,844197,40.2,841481,37.9,860643,39.9,848420,46.2,887424,46.9,901980,42,969011,39.6,1374039,50.5,1152887,44.8,1033126,39.9,1242416,41.8,1163603,40.3
IOWA,IA,19,49.6,619931,49.5,508672,42.9,605620,46.3,670557,55.1,586353,53.7,620258,55.7,638517,50.2,741898,49.7,828940,54.8,822544,53,653669,44.9,759061,45.8,707278,43.3
KANSAS,KS,20,40.5,430421,46.1,326150,36.5,333149,33,422636,43.3,390434,46.5,387659,39.9,399276,39.1,434993,37.1,514765,42.4,440726,38.9,427005,38.9,570323,42.5,544853,41.8
KENTUCKY,KY,21,42.9,615717,53.7,617417,49.3,539539,39.6,580368,44.1,665104,51.9,636614,50.5,638923,42.3,712733,40,751985,41.8,679370,38.5,628854,34.3,772474,36.8,704043,34.5
LOUISIANA,LA,22,44.8,661365,53,708453,47.2,651586,38.6,717460,44.8,815971,52.7,927837,56.6,792344,46.1,820299,42.7,782989,40.5,809141,41.3,780154,39.8,856034,40.5,766870,38.8
MAINE,ME,23,52.6,232279,49.6,220974,48.1,214515,38.9,243569,44.2,263420,56.1,312788,62.7,319951,52.7,396842,54.6,421923,58.8,401306,57.9,357735,51.6,435072,54.7,435652,53.5
MARYLAND,MD,24,58,759612,53,726161,51.6,787935,47.2,826304,48.5,988571,58.3,966207,58.6,1144008,58.4,1334493,56.6,1629467,62.9,1677844,63.3,1677928,64,1985023,67,1902577,64.8
MASSACHUSETTS,MA,25,60.7,1429475,58.1,1053802,49.9,1239606,48.6,1401415,54,1318639,62.1,1571509,68.6,1616487,64.8,1803800,62.7,1904097,63.2,1921290,61.8,1995196,64.7,2382202,67.1,2126518,63
MICHIGAN,MI,26,50.8,1696714,47.3,1661532,46.5,1529638,40.5,1675783,46,1871182,54.6,1989653,57.3,2170418,52.6,2479183,51.7,2872579,58.4,2564569,54.8,2268839,49.9,2804040,51.4,2736533,49.3
MINNESOTA,MN,27,53.7,1070440,56.6,954173,52.2,1036364,50.1,1109471,53.6,1020997,57.7,1120380,59.4,1168266,51.3,1445014,51.8,1573354,55.2,1546167,53.9,1367705,50.8,1717077,53.6,1656979,52.2
MISSISSIPPI,MS,28,43.1,381329,51,429281,49.3,352192,37.7,363921,39.5,400258,45.1,394022,47.3,404614,41.4,457766,40.5,554662,43.4,562949,44.2,485131,40.9,539398,41.6,466668,38.4
MISSOURI,MO,29,46.9,998387,51.8,931182,46.4,848583,40,1001619,48,1053873,56.5,1025935,53.5,1111138,48.3,1259171,46.4,1441911,49.9,1223796,45.2,1071068,40.2,1253014,42.2,1200599,40.7
MONTANA,MT,30,42.8,149259,46.2,118032,36.3,146742,38.7,168936,47,154507,51.7,167922,48.3,137126,36.3,173710,39.5,231667,48.8,201839,43,177709,38.9,244786,41.6,231906,39.7
NEBRASKA,NE,31,36.9,233293,39.4,166424,28.4,187866,29,259235,39.4,216864,38.7,236761,39.4,231780,34.8,254328,33.2,333319,42.4,302081,38.9,284494,36.5,374583,40.2,369995,39.6
NEVADA,NV,32,46.9,92479,47.7,66666,30.1,91655,32.7,132738,39.2,189148,51.8,203974,50.6,279978,48.1,397190,48.7,533736,56.4,531373,53.4,539260,51.3,703486,51.2,705197,48.4
NEW HAMPSHIRE,NH,33,47.3,147645,44.3,108864,32.9,120347,31.1,163696,36.8,209040,50.8,246166,55.6,266348,49.3,340511,50.7,384826,54.9,369561,52.8,348526,50.2,424921,53.7,418488,51.4
NEW JERSEY,NJ,34,52.5,1444653,48.9,1147364,42.6,1261323,39.5,1320352,43.1,1436206,51.4,1652361,60,1788850,58.2,1911430,53.4,2215422,57.9,2122786,59,2148278,57.3,2608335,58.1,2220713,53
NEW MEXICO,NM,35,50.8,201148,48.8,167826,40.1,201769,39.7,244497,47.5,261617,55.1,273495,54,286783,50,370942,49.6,472422,57.7,415335,55.3,385234,54.7,501614,55.5,478802,53.1
NEW YORK,NY,36,58,3389558,52.2,2728372,48.5,3119609,46,3347882,52.1,3444450,59.5,3756177,66,4107697,63.1,4314280,59.3,4804945,63.6,4471871,64.3,4556124,61.8,5230985,61.7,4619195,56.3
NORTH CAROLINA,NC,37,47.2,927365,55.6,875635,48.9,824287,38,890167,41.8,1114042,49.5,1107849,47.5,1257692,43.5,1525849,43.8,2142651,50.2,2178391,49,2189316,48.1,2684292,49.3,2715375,48.4
NORTH DAKOTA,ND,38,37.9,136078,47,79189,29,104429,34.3,127739,43.4,99168,42.1,106905,46.1,95284,35.3,111052,36.1,141278,45.6,124966,39.9,93758,30.2,114902,32.8,112327,31.3
OHIO,OH,39,47.8,2009959,50.1,1752414,44.3,1825440,40.5,1939629,44.5,1984942,51.2,2148222,53.6,2183628,48.2,2741165,48.9,2940044,52.3,2827621,51.5,2394164,45.7,2679165,45.9,2533699,44.3
OKLAHOMA,OK,40,37.4,532442,49.4,402026,36.6,385080,30.9,483423,41.6,473066,44.4,488105,45.6,474276,38.9,503966,34.4,502496,34.4,443547,33.2,420375,30.7,503890,33.1,499599,32.5
OREGON,OR,41,53.1,490407,49.9,456890,44.4,536479,43.9,616206,52.4,621314,56.6,649641,54.7,720342,50.2,943163,52.1,1037291,58.4,970488,56.3,1002106,56.2,1340383,58.3,1240600,57.4
PENNSYLVANIA,PA,42,51.1,2328677,51.4,1937540,46.1,2228131,46.3,2194944,48.8,2239164,55.5,2215819,55.2,2485967,52.1,2938095,51.3,3276363,55.2,2990274,52.7,2926441,49.6,3458229,50.6,3423042,49.1
RHODE ISLAND,RI,44,59.8,227636,55.7,198342,56.2,197106,48.2,225123,55.9,213299,61.8,233050,69,249508,65.6,259760,60.6,296571,64.2,279677,64,252525,58.3,307486,60.6,285156,57.1
SOUTH CAROLINA,SC,45,44.2,450807,56.6,428220,49.4,344459,35.9,370554,37.9,525514,47.6,506152,46.9,566037,41.8,661669,41.4,862449,45.5,865941,44.7,855373,42.5,1091541,44.1,1028452,40.9
SOUTH DAKOTA,SD,46,41,147068,49.3,103855,34.4,116113,36.7,145560,46.8,124888,47.7,139333,48.1,118804,38.4,149244,39.1,170924,45.7,145039,40.8,117458,34,150471,36.6,146859,35.1
TENNESSEE,TN,47,44.3,825879,56.6,783051,49.9,711714,41.8,679794,41.8,933521,52.6,909146,51.3,981720,48,1036477,42.8,1087437,42.4,960709,39.6,870695,36.4,1143711,38.2,1056265,34.9
TEXAS,TX,48,43.7,2082319,51.6,1881147,42.8,1949276,36.2,2352748,43.7,2281815,47.8,2459683,47.3,2433746,39,2832704,38.5,3528633,44.1,3308124,42,3877868,45.3,5259126,47.2,4835250,43.1
UTAH,UT,49,32.3,182110,35,124266,22,155369,24.9,207343,32.6,183429,36.2,221633,38,203053,28.3,241199,26.7,327670,35.5,251813,25.4,310674,37.6,560282,39.3,562566,38.9
VERMONT,VT,50,58.1,77798,43.7,81952,46.4,95730,41.3,115775,48.2,133592,60.3,137894,63.2,149022,55.4,184067,60.3,219262,68.9,199239,68.2,178573,65.2,242820,68.3,235791,66.4
VIRGINIA,VA,51,48,813896,49.3,752174,43.2,796250,37.3,859799,39.6,1038650,47.4,1091060,48.9,1217290,45.9,1454742,45.9,1959532,53.2,1971820,52,1981473,52.8,2413568,55.2,2333778,52.9
WASHINGTON,WA,53,53.9,717323,48,650193,42.9,798352,43.2,933516,50.8,993037,57.6,1123323,57.2,1247652,52.9,1510201,53.6,1750848,58.8,1755396,57.6,1742718,58.8,2369612,59.9,2245849,59.5
WEST VIRGINIA,WV,54,44.6,435864,58.1,367462,52.4,328125,44.7,341016,52.4,331001,57.8,327812,58.4,295497,46.8,326541,43.5,303857,43.3,238269,36.3,188794,27.8,235984,30.2,214309,28.7
WISCONSIN,WI,55,51.1,1040232,50.9,981584,47.4,995740,45.4,1126794,51.8,1041066,52.8,1071971,55.9,1242987,50.1,1489504,50.2,1677211,57.1,1620985,53.5,1382536,49.6,1630866,50.3,1668229,49.6
WYOMING,WY,56,32.8,62239,40.2,49427,30.9,53370,28.6,67113,38.6,68160,46.2,77934,42.5,60481,29,70776,29.7,82868,33.4,69286,28.8,55973,24.3,73491,27.5,69527,26.5
